[
    {
        "pattern": "\\d{3}[\\s-]?\\d{6}[\\s-]?\\d{5}",
        "name": "Hana Bank Account Number with Separators",
        "description": "Hana Bank account number format: 3 digits, space or dash, 6 digits, space or dash, 5 digits (e.g., 123-456789-12345)",
        "specificity": 16,
        "context_validation": "strict"
    },
    {
        "pattern": "\\d{4}[\\s-]?\\d{3}[\\s-]?\\d{6}",
        "name": "Woori Bank Account Number with Separators",
        "description": "Woori Bank account number format: 4 digits, space or dash, 3 digits, space or dash, 6 digits (e.g., 1234-567-123456)",
        "specificity": 15,
        "context_validation": "strict"
    },
    {
        "pattern": "\\d{4}[\\s-]?\\d{2}[\\s-]?\\d{7}",
        "name": "Kakao Bank Account Number with Separators",
        "description": "Kakao Bank account number format: 4 digits, space or dash, 2 digits, space or dash, 7 digits (e.g., 1234-56-1234567)",
        "specificity": 15,
        "context_validation": "strict"
    },
    {
        "pattern": "\\d{4}[\\s-]?\\d{4}[\\s-]?\\d{4}",
        "name": "Toss Bank Account Number with Separators",
        "description": "Toss Bank account number format: 4 digits, space or dash, 4 digits, space or dash, 4 digits (e.g., 1234-5678-1234)",
        "specificity": 14,
        "context_validation": "strict"
    },
    {
        "pattern": "\\d{4}[\\s-]?\\d{4}",
        "name": "Kiwoom (INVEST) Account Number with Separators",
        "description": "Kiwoom Bank account number format: 4 digits, space or dash, 4 digits (e.g., 1234-5678)",
        "specificity": 9,
        "context_validation": "strict"
    },
    {
        "pattern": "\\d{3}[\\s-]?\\d{2}[\\s-]?\\d{6}",
        "name": "NH Bank Account Number with Separators",
        "description": "NH Bank account number format: 3 digits, space or dash, 2 digits, space or dash, 6 digits (e.g., 123-45-678901)",
        "specificity": 13,
        "context_validation": "strict"
    },
    {
        "pattern": "\\d{3}[\\s-]?\\d{4}[\\s-]?\\d{4}[\\s-]?\\d{2}",
        "name": "NH Bank Account Number with Separators (Alternative 1)",
        "description": "NH Bank account number format: 3 digits, space or dash, 4 digits, space or dash, 4 digits, space or dash, 2 digits (e.g., 123-4567-1234-12)",
        "specificity": 16,
        "context_validation": "strict"
    },
    {
        "pattern": "\\d{6}[\\s-]?\\d{2}[\\s-]?\\d{6}",
        "name": "KB Bank Account Number with Separators",
        "description": "KB Bank account number format: 6 digits, space or dash, 2 digits, space or dash, 6 digits (e.g., 123456-78-123456)",
        "specificity": 16,
        "context_validation": "strict"
    },
    {
        "pattern": "\\d{3}[\\s-]?\\d{3}[\\s-]?\\d{6}",
        "name": "Shinhan Bank + K Bank Account Number with Separators",
        "description": "Shinhan Bank account number format: 3 digits, space or dash, 3 digits, space or dash, 6 digits (e.g., 123-456-123456)",
        "specificity": 14,
        "context_validation": "strict"
    },
    {
        "pattern": "\\d{3}[\\s-]?\\d{2}[\\s-]?\\d{7}",
        "name": "Mirae Asset Securities (INVEST) Account Number with Separators",
        "description": "Mirae Asset (INVEST) account number format: 3 digits, space or dash, 2 digits, space or dash, 7 digits (e.g., 123-45-6789012)",
        "specificity": 14,
        "context_validation": "strict"
    }
]